Pressure (atm),Temperature (K),W1_Energy_1_W1->P1
1.0,298.0,1.68807770629029
1.0,299.0,1.6824525269522161
1.0,300.0,1.676821673853533
